{
    "prior": {
        "negative": 0.4163306451612903,
        "positive": 0.5836693548387096
    },
    "mu": {
        "0": {
            "positive": 0.2107709211087237,
            "negative": -0.2561303687464481
        },
        "1": {
            "positive": 0.10790231443784908,
            "negative": -0.11212659241147956
        },
        "2": {
            "positive": 0.0028922280725195374,
            "negative": -0.043917916032893814
        },
        "3": {
            "positive": 0.009452079752961971,
            "negative": 0.03673761940922352
        },
        "4": {
            "positive": -0.010265671746064261,
            "negative": 0.0288338283953495
        },
        "5": {
            "positive": 0.0009981672352201909,
            "negative": 0.03243046345544023
        },
        "6": {
            "positive": 0.19203218367384506,
            "negative": -0.34549290388450393
        },
        "7": {
            "positive": 0.20031572524931146,
            "negative": -0.28613198898691516
        }
    },
    "variance": {
        "0": {
            "positive": 0.8713505538537949,
            "negative": 1.0151977954419154
        },
        "1": {
            "positive": 0.9163066393855271,
            "negative": 1.0648836947000946
        },
        "2": {
            "positive": 0.9725655951109436,
            "negative": 0.9415885921645654
        },
        "3": {
            "positive": 0.9613432296955834,
            "negative": 1.0691867344309505
        },
        "4": {
            "positive": 0.930191552977051,
            "negative": 1.0520839632704222
        },
        "5": {
            "positive": 0.9409670471778873,
            "negative": 1.0077418486143799
        },
        "6": {
            "positive": 1.3221804553572787,
            "negative": 0.0305814982205754
        },
        "7": {
            "positive": 1.4017421729607111,
            "negative": 0.17452262270340044
        }
    }
}